{
  "language": "it_IT",
  "COMET": 0.5978235520556838,
  "CHRF++": 42.13688691398735
}