{
  "language": "th_TH",
  "COMET": 0.37433179143913287,
  "CHRF++": 11.80128762924782
}