{
  "language": "de_DE",
  "COMET": 0.5341583587572666,
  "CHRF++": 36.528984069965325
}