{
  "language": "hi_IN",
  "COMET": 0.3526442593975153,
  "CHRF++": 13.225179138919094
}