{
  "language": "it_IT",
  "COMET": 0.6034352850758719,
  "CHRF++": 42.38711806612683
}