{
  "language": "de_DE",
  "COMET": 0.5393803985808082,
  "CHRF++": 36.78037603421077
}