{
  "language": "sw_KE",
  "COMET": 0.3802745062447263,
  "CHRF++": 17.13915838937173
}