{
  "language": "fr_FR",
  "COMET": 0.5902495942487268,
  "CHRF++": 43.550055079060996
}