{
  "language": "de_DE",
  "COMET": 0.8070646750783633,
  "CHRF++": 53.77883777482618
}