{
  "language": "th_TH",
  "COMET": 0.46885610464400423,
  "CHRF++": 12.051161445069885
}