{
  "language": "fr_FR",
  "COMET": 0.8062931093460094,
  "CHRF++": 56.85827532167623
}