{
  "language": "sw_KE",
  "COMET": 0.5128515713170678,
  "CHRF++": 15.963699997289574
}