{
  "language": "hi_IN",
  "COMET": 0.43251723675187936,
  "CHRF++": 15.51359908969004
}