{
  "language": "th_TH",
  "COMET": 0.3876436368556682,
  "CHRF++": 12.590937227368922
}