{
  "language": "sw_KE",
  "COMET": 0.3847404624781532,
  "CHRF++": 17.29947433006974
}