{
  "language": "fr_FR",
  "COMET": 0.5756964117199004,
  "CHRF++": 42.78660489138596
}