{
  "language": "fr_FR",
  "COMET": 0.8104216229461716,
  "CHRF++": 57.86539756302933
}