{
  "language": "it_IT",
  "COMET": 0.8405539505407662,
  "CHRF++": 59.782297876738035
}