{
  "language": "th_TH",
  "COMET": 0.4794644614857041,
  "CHRF++": 13.108234231175246
}