{
  "language": "sw_KE",
  "COMET": 0.48535828588004104,
  "CHRF++": 15.622504782900526
}