{
  "language": "hi_IN",
  "COMET": 0.44738122928357554,
  "CHRF++": 14.832642567894702
}