{
  "language": "it_IT",
  "COMET": 0.8384220595648867,
  "CHRF++": 59.34418729314913
}