{
  "language": "de_DE",
  "COMET": 0.5315438672332821,
  "CHRF++": 36.856452718513296
}