{
  "language": "it_IT",
  "COMET": 0.5934457348319954,
  "CHRF++": 42.23844645507233
}