{
  "language": "hi_IN",
  "COMET": 0.36546634899112646,
  "CHRF++": 13.045037349749808
}