{
  "language": "hi_IN",
  "COMET": 0.36737433286432275,
  "CHRF++": 13.758039294323929
}