{
  "language": "hi_IN",
  "COMET": 0.4516915146686988,
  "CHRF++": 15.009010344424375
}