{
  "language": "sw_KE",
  "COMET": 0.5191995973189274,
  "CHRF++": 15.961390688788276
}