{
  "language": "fr_FR",
  "COMET": 0.8101694921184637,
  "CHRF++": 57.771135061677136
}