{
  "language": "it_IT",
  "COMET": 0.8407854625660336,
  "CHRF++": 59.89955282519308
}