{
  "language": "th_TH",
  "COMET": 0.48917153210403447,
  "CHRF++": 13.043654250931274
}