{
  "language": "de_DE",
  "COMET": 0.8073469785029043,
  "CHRF++": 54.188485626489026
}