Language Code,COMET,CHRF++,precision
hi_IN,0.3636161145233439,12.865247118229068,bf16
de_DE,0.5309962376593826,36.807842152484824,bf16
fr_FR,0.5772573616885709,42.898784840559316,bf16
th_TH,0.3889689485510748,12.398826640569935,bf16
it_IT,0.5943801009463882,42.25737639618191,bf16
sw_KE,0.38588971901453567,17.309540494305832,bf16
