{
  "language": "de_DE",
  "COMET": 0.8071039197499862,
  "CHRF++": 54.21045431175585
}