{
  "language": "fr_FR",
  "COMET": 0.5755340975218403,
  "CHRF++": 42.46171583076181
}