{
  "language": "th_TH",
  "COMET": 0.3793632482329686,
  "CHRF++": 11.792649597065756
}