{
  "language": "sw_KE",
  "COMET": 0.3827578667887227,
  "CHRF++": 17.489000910660256
}